{
	"class_name" : "PinholeCameraParameters",
	"extrinsic" : 
	[
		-0.0064372173078914557,
		-0.54860041157281414,
		0.83605989657169311,
		0.0,
		-0.99996414027565339,
		-0.0010693500046907857,
		-0.0084008721773915496,
		0.0,
		0.0055027625884083234,
		-0.83608399393404642,
		-0.54857385527492031,
		0.0,
		0.6540367108342855,
		0.80448024608710256,
		27.03984896480204,
		1.0
	],
	"intrinsic" : 
	{
		"height" : 1016,
		"intrinsic_matrix" : 
		[
			879.88181024498977,
			0.0,
			0.0,
			0.0,
			879.88181024498977,
			0.0,
			719.5,
			507.5,
			1.0
		],
		"width" : 1440
	},
	"version_major" : 1,
	"version_minor" : 0
}